{
	"class_name" : "ViewTrajectory",
	"interval" : 29,
	"is_loop" : false,
	"trajectory" : 
	[
		{
			"boundingbox_max" : [ 1.5353097915649414, 2.3253689092474588, 1.2896091497339497 ],
			"boundingbox_min" : [ -2.6024396419525146, -0.41361298489092779, -1.7966979821595028 ],
			"field_of_view" : 60.0,
			"front" : [ 0.44646223031236826, -0.89350944946867217, 0.048086802916146643 ],
			"lookat" : [ 0.55394475977342228, -0.65135937101240993, 0.16322885178899726 ],
			"up" : [ -0.19184886561669828, -0.043094368506239399, 0.98047788764695476 ],
			"zoom" : 0.25999999999999956
		}
	],
	"version_major" : 1,
	"version_minor" : 0
}