{
	"class_name" : "ViewTrajectory",
	"interval" : 29,
	"is_loop" : false,
	"trajectory" : 
	[
		{
			"boundingbox_max" : [ 4.454686467995371, 6.1870863063201496, 2.4168725106425111 ],
			"boundingbox_min" : [ -3.1297030099728445, -6.0573900423439575, -1.4981004857376301 ],
			"field_of_view" : 60.0,
			"front" : [ -0.58590044319311774, -0.70948203308878999, 0.39160683777266381 ],
			"lookat" : [ 0.6624917290112633, 0.064848131988096025, 0.45938601245244048 ],
			"up" : [ 0.2939613100384299, 0.26425366363432884, 0.91856232747501954 ],
			"zoom" : 0.55999999999999983
		}
	],
	"version_major" : 1,
	"version_minor" : 0
}